first_name,last_name,job_title,department,email,address,phone_number,salary,password
Emily,Torres,Petroleum,Speech,jasmineellis@example.net,Reneeborough,348-396-8224,93182,7NbhoLV1
James,Rodriguez,Psychologist,Retail,kayladudley@example.net,North Bobbyview,2716812339,23212,rYlpH2Wd
Karen,Williamson,Publishing,Equality,tinakim@example.com,Brianville,223-304-0333x4899,56505,d1TOdOOH
Joshua,Armstrong,Careers,Hydrologist,nathaniel96@example.net,Lake Timothy,216-664-1302x850,75646,2XJPVVsY
Angela,Deleon,Bookseller,Mining,qmitchell@example.net,South Aaronborough,322-302-3201x1041,12386,S1xCWtVT
Theresa,Henderson,Scientist,Newspaper,petersonsarah@example.org,Patriciahaven,451.665.4553x16760,23279,KxoImads
Christopher,Anderson,Archivist,Electrical,kelli07@example.com,New Charlesview,+1-424-722-0028,48708,GIWltKNA
Rebecca,Nunez,Amenity,Sports,nicholas84@example.net,North James,(422)593-4872,22973,qMOaF8Rx
Ryan,Henderson,Community,Engineer,jessicalewis@example.net,New Zacharyfort,758-518-6185x507,97534,lXTVXctj
Carlos,Silva,Government,Therapeutic,nreilly@example.net,South Carl,7539480540,66453,44jAbKku
Jessica,Taylor,Petroleum,Surveyor,salvarez@example.com,South Michael,001-283-338-6095x1419,85439,H0YrrU9M
Jacob,Payne,Lecturer,Editor,hamiltonamy@example.net,East Sherryfort,(305)696-5354,40097,fdst7PUd
Erik,Flores,English,Petroleum,sheena26@example.com,Jaclynton,7245403771,99676,bBpin9jL
Stephanie,Jennings,Volunteer,Engineer,stuart94@example.org,East Edwardhaven,790-426-5686,76560,W0FwgCJ8
Deborah,Gibson,Transport,Engineer,rmoore@example.org,New Kimberly,001-363-807-3802x4920,53656,K1V6KrCJ
Michael,Pierce,Chartered,Accountant,morriskimberly@example.org,Jacobside,+1-206-614-9508x5315,31647,wFNbzFWP
Shirley,Brown,Fitness,Corporate,lopezangel@example.net,New Johnport,+1-887-374-0740,31540,oJpff2z2
Diane,Diaz,Applications,Broadcast,barbara98@example.com,Floresfort,290-312-4459x929,61136,y4ySKijI
Morgan,Fritz,Audiological,Acupuncturist,garciaspencer@example.org,Kristinaport,5986762219,43924,ywpGGQaB
Michael,Stout,Oceanographer,Teacher,johnhernandez@example.org,Richardsonburgh,6752794731,45880,grQFXeSl
Kimberly,Griffin,Building,Sales,christopher91@example.net,Port Brianna,574-501-0073x04399,25029,jtSSSmFQ
Paul,Ramirez,Adult,Restaurant,jmendez@example.com,Smithmouth,(637)945-3535x1432,16962,DIn0RjzV
Travis,Pena,Further,Loss,slara@example.org,Theresabury,+1-543-864-0903x259,37284,NWjGYbuE
Richard,Shields,Psychologist,Learning,wilsonnathan@example.net,Dominicchester,215.244.2213x9913,77589,Wjy192Xh
Hannah,Hall,Copywriter,Make,iskinner@example.org,West Haleyshire,+1-335-445-4800x9171,65597,sCdys35A
Eric,Mills,Product,Research,oserrano@example.com,Matthewberg,984-310-9926,68629,ofmuzZdh
Jennifer,Jones,Press,Medical,graybrenda@example.com,West Sethfort,+1-252-802-5090x7954,48537,wenmiu5P
Robert,Kelley,Records,Community,brownlisa@example.net,Clarkland,(293)950-4438x0961,96703,uq1hVpIl
Matthew,Mullins,Water,Surveyor,riosvictoria@example.com,Matthewsbury,(566)346-5345,7206,ERnvluaN
Andre,Olson,Purchasing,Museum/gallery,harrisonjennifer@example.com,Cuevaschester,(781)665-9939x505,17010,9J2ApjQL
Cody,Brown,Music,Tax,laurenoliver@example.com,Brewerland,260-557-1827x566,47337,lszSLfkS
Kimberly,Lin,Scientist,Clinical,psavage@example.net,Jonesport,334-924-9328x5312,8125,zZaWtVQh
Jeanne,Davis,Audiological,Gaffer,icarter@example.net,Jasontown,773-278-7808,56896,k2JYleKU
Edward,Moore,Development,Designer,mayoeric@example.com,New Eric,309.426.8848x9844,28954,CHrghOX2
Jesse,Rivera,Media,Midwife,donna50@example.org,Katrinaburgh,653-430-3950,28431,6K8k5SIl
Kenneth,Hester,Management,Games,yatesvanessa@example.com,Lake Madisonton,001-602-292-1189x0138,64887,0F0ECxgZ
Marie,Robinson,Buyer,Restaurant,kmorris@example.com,North Tricia,403-717-8755,89443,LNLPzqtT
Jenna,Wall,Pension,Surveyor,kthompson@example.net,West Juliehaven,859-898-8008,4781,n9zC4b4A
Sarah,Ramos,IT,Product,peter83@example.org,East Brandonmouth,7049541724,10440,XVViIThd
Frederick,Charles,Exercise,Radiographer,richard40@example.com,South Sarahton,001-350-308-1658x839,72825,dCdokg6Y
Stephen,West,Therapist,Media,gordonrichard@example.net,Robinsontown,+1-962-765-3684x49136,21523,jP5L212I
Troy,Riley,Financial,Charity,tonyball@example.com,Henrymouth,+1-667-740-2516,25127,rbMw27X1
Kristy,Robertson,Multimedia,Estate,yvette44@example.org,South Amyside,001-772-701-0787,84599,n9B7Spfd
Tyler,Cisneros,Scientist,Lobbyist,samuel67@example.com,Watsonport,(598)834-8314,79899,QvOc9DH9
Stephanie,Dudley,Television,Applications,tblair@example.com,Smithview,(245)336-6588x8454,23998,oa58HatQ
Isabella,Jimenez,Nutritional,Illustrator,katherine17@example.net,Ricemouth,+1-519-864-9026x144,10252,yQk3kJGc
Stephanie,Pearson,Transport,Civil,tyler11@example.net,Fosterhaven,(304)434-6283,24066,N6vFnvmJ
Brandon,Jackson,Commercial,Set,vbryant@example.net,Judithburgh,282.534.5609,21925,gTOvfJ4j
Katherine,Gilbert,Associate,Engineer,janethall@example.org,West Jeffreyshire,+1-857-925-2085x8674,47413,5YdrVeZZ
Jonathan,Osborne,Clinical,Therapist,nicholas12@example.org,Lake Emily,8549559322,79737,CFE0kYTq
Michael,Golden,Radio,Lobbyist,sonya88@example.net,Markhaven,+1-568-830-2793,48911,IKk1Vduz
Valerie,Foley,Investment,Risk,awaters@example.net,Andrewshire,+1-809-677-2838x81701,84855,BHxRXtc8
John,Yoder,Surveyor,Information,matthewellis@example.net,South Nicolebury,916-367-9555x019,54310,V2TMoQ4Y
Sherri,Martin,Drilling,Editorial,blake33@example.com,Dicksontown,890-976-8210,76144,0JUwkEaK
Breanna,Hood,Engineer,Estate,paulcook@example.net,Heatherstad,892.714.2342,10602,2X3WYhRh
George,Rice,Chartered,Warehouse,perezapril@example.org,East Brianton,+1-330-935-1330,22919,5zZxHkCv
Wendy,Castillo,Health,Lexicographer,allendakota@example.net,New Janet,(434)477-2344x49477,19609,n7s0lJwe
Benjamin,Tran,Teaching,Ergonomist,robert88@example.net,Lake Paulbury,675.287.3886,64891,0HrxgRim
Teresa,Matthews,Magazine,Investment,angelica10@example.org,North Alison,+1-650-575-0790x73533,11855,w6FlaWmh
Caleb,Wise,Television,Translator,lisapowers@example.net,Anthonyfurt,853.618.1563x44447,50440,50Nweg1X
Cheryl,Mcintyre,Occupational,Civil,ystephens@example.org,East Tiffanyfurt,330.651.4410,96579,nvrENSqL
Rodney,Robinson,Engineer,Airline,meganhamilton@example.org,North Annborough,647-411-3593x4691,53789,AATa7VTH
Karla,Clarke,Podiatrist,Restaurant,adam93@example.net,Haleyburgh,001-504-262-6072x5416,21106,P0aroHZI
David,Liu,Pension,Commercial/residential,hollandclarence@example.net,Garymouth,220.768.4898,95454,lWj7PSX8
Jose,Garcia,Clothing/textile,Occupational,melissasharp@example.com,New Matthew,7528566896,84149,4sZoXpil
Linda,Chandler,Graphic,Applications,vmccarthy@example.net,Rachelmouth,001-917-667-8848,96852,FeBK645g
Paul,Potter,Communications,Surveyor,laura75@example.net,Simmonsstad,(841)718-2982x285,61932,HwTqejc8
Stephanie,Neal,Barrister's,Occupational,greenalexander@example.com,New Deborah,380.531.3125x7598,13431,4HQLsurM
William,Jones,Engineer,Actuary,amandawashington@example.net,Clarkstad,319-877-4782x08770,12493,KwRgIPBF
Joseph,Walters,Environmental,Osteopath,cowancarolyn@example.com,Port Ralph,593.400.1800,11276,ke57UQua
Michael,Villa,Administrator,Financial,mary19@example.net,Port Miguel,001-971-990-5064,27988,H5mxcf6L
Sara,Middleton,Lawyer,Chartered,michellehart@example.com,Lake Bradley,8995891448,63073,QXKzV8Dn
Michael,Hayes,Musician,Science,jessica20@example.net,Gordonborough,445-207-9879x6900,34634,NubCuDLD
Andrew,Palmer,Producer,Prison,carrielawson@example.org,Kaylatown,993.374.7057x2544,71390,aDmy7auO
Beth,Simmons,Magazine,Careers,vhernandez@example.org,Brownstad,001-439-200-0193x57437,48180,jmYAV6HX
Justin,Evans,Recycling,Careers,todd27@example.com,Donaldsonstad,3833642407,26532,eqrEwxqE
Amanda,Brown,Barrister's,Teacher,jessicanovak@example.com,South Aaron,001-496-990-0927,12665,4qNM7r3Y
Timothy,Navarro,Banker,Financial,davidknapp@example.net,Lake Jacob,752-442-5414,43519,9kI1Am5H
Nancy,Lewis,Legal,Fine,michael05@example.net,Port Ryanborough,562-619-9851x1273,72639,Z2HfdK0g
Alan,Garcia,Energy,Tourist,natashalopez@example.com,West Joefurt,674-387-8017x73049,60083,BUScsSkH
Robin,Andrews,Child,Computer,robert90@example.com,Virginiaburgh,001-635-209-6939x91353,73656,6R1XsWX4
Gregory,Wolf,Geneticist,Optometrist,zramos@example.com,Port Codystad,(886)412-0307,1108,z74yFiZw
Melissa,Luna,Medical,Minerals,johnpowell@example.org,East Mistyfort,+1-874-757-6778x7099,56861,TyO9AZIP
Kathleen,Sherman,Tour,Museum/gallery,villabrian@example.org,Port Curtis,205.321.3887,44647,tFcVhlOp
Brandon,Rodriguez,Museum/gallery,Producer,williamfisher@example.org,South Troy,347-479-6464,66691,6zlCtwgv
Michael,Jones,Ambulance,Landscape,johnrose@example.org,Guzmanbury,863.856.8670,74746,3TT65Vsk
Anthony,Young,Scientist,Museum/gallery,emayer@example.org,Gregoryfurt,(954)727-7899,35012,9yRvn4vt
Samantha,Robbins,Education,Event,bowenelizabeth@example.net,Fosterton,843-797-9067x20400,41010,WG0ShUAZ
Brooke,Johnson,Race,Colour,lindawilkerson@example.org,Payneton,001-308-684-6993,65765,H199SfcB
Robert,Gonzalez,Arts,Communications,michael88@example.com,Marcfort,001-997-568-5164x74742,65650,BrIeH18c
Debbie,Horn,Warden/ranger,Librarian,gestrada@example.com,Port Yvetteland,697.289.4934x59978,27351,tDx6BapV
Erin,Moore,Software,Merchant,laurasalazar@example.org,Mccluremouth,001-950-586-3755x24357,22219,qxs0KQRR
Kathy,Lee,Advertising,Therapeutic,ismith@example.net,North Rachelland,551.958.5527x89887,76245,tNPhQFkX
Carol,Vargas,Adult,Land/geomatics,adam83@example.com,Greggton,+1-306-795-6536x046,92291,agSc4rhS
Adam,Bentley,Surgeon,Forensic,steelerichard@example.org,South Donaldview,355-250-6295,51278,58OmGrn1
Brian,Mercer,Therapist,Education,ydiaz@example.com,West Dana,+1-424-253-3884x621,7276,N8ZMgpmS
Melissa,Pierce,Ranger/warden,Aid,rodriguezmichelle@example.net,Julieshire,+1-410-774-9751x1935,22521,3uUmr9ob
Carol,Hess,Acupuncturist,Recycling,ijohnson@example.com,Jennifershire,001-558-865-1370x36592,50537,Z33RSkzw
Joe,Wilson,Clothing/textile,Designer,brandychavez@example.com,Williamburgh,001-214-303-3800x219,17234,D5n3mtXI
Glen,Jackson,Therapist,Land/geomatics,ewilson@example.net,North Linda,(838)739-1358,89088,Ad3IcJyb
